x_mm,y_mm,z_mm,v_pp,v_max,v_min,frequency,pii,pd
-15.625,-15.625,0.0,19.6,10.8,-8.8,992.063492063492,555.3482458099653,0.0007899999999999999
-12.5,-15.625,0.0,19.6,10.8,-8.8,992.063492063492,554.4208546267167,0.0007899999999999999
-9.375,-15.625,0.0,19.6,10.8,-8.8,992.063492063492,555.3641455611851,0.0007925
-6.25,-15.625,0.0,19.6,10.8,-8.8,992.063492063492,555.578866467505,0.0007899999999999999
-3.125,-15.625,0.0,19.6,10.8,-8.8,992.063492063492,555.3106925496888,0.0007899999999999999
0.0,-15.625,0.0,19.6,10.8,-8.8,992.063492063492,555.4304122067086,0.0007925
3.125,-15.625,0.0,19.6,10.8,-8.8,992.063492063492,555.9577126972481,0.0007925
6.25,-15.625,0.0,19.6,10.8,-8.8,992.063492063492,554.8646519531727,0.0007925
9.375,-15.625,0.0,19.6,10.8,-8.8,992.063492063492,555.5154655022316,0.0007925
12.5,-15.625,0.0,19.6,10.8,-8.8,992.063492063492,554.8644256221944,0.0007899999999999999
15.625,-15.625,0.0,19.6,10.8,-8.8,992.063492063492,555.0557837490492,0.0007899999999999999
-15.625,-12.5,0.0,19.6,10.8,-8.8,992.063492063492,555.8435900167103,0.0007925
-12.5,-12.5,0.0,19.6,10.8,-8.8,992.063492063492,555.5259486344675,0.0007925
-9.375,-12.5,0.0,19.6,10.8,-8.8,992.063492063492,555.0399912692826,0.0007925
-6.25,-12.5,0.0,19.6,10.8,-8.8,992.063492063492,555.4395314590395,0.0007925
-3.125,-12.5,0.0,19.6,10.8,-8.8,992.063492063492,554.6118213895883,0.0007899999999999999
0.0,-12.5,0.0,19.6,10.8,-8.8,992.063492063492,554.9151225825083,0.0007899999999999999
3.125,-12.5,0.0,19.6,10.8,-8.8,992.063492063492,554.6728635616981,0.0007899999999999999
6.25,-12.5,0.0,19.6,10.8,-8.8,992.063492063492,555.6024720812487,0.0007925
9.375,-12.5,0.0,19.6,10.8,-8.8,992.063492063492,555.8156192799855,0.0007925
12.5,-12.5,0.0,19.6,10.8,-8.8,992.063492063492,555.1782794969738,0.0007899999999999999
15.625,-12.5,0.0,19.6,10.8,-8.8,992.063492063492,555.3684069491344,0.0007925
-15.625,-9.375,0.0,19.6,10.8,-8.8,992.063492063492,555.1504513959176,0.0007899999999999999
-12.5,-9.375,0.0,19.6,10.8,-8.8,992.063492063492,555.9566317310657,0.0007925
-9.375,-9.375,0.0,19.6,10.8,-8.8,992.063492063492,555.7653537630991,0.0007925
-6.25,-9.375,0.0,19.6,10.8,-8.8,992.063492063492,555.2879368559204,0.0007899999999999999
-3.125,-9.375,0.0,19.6,10.8,-8.8,992.063492063492,555.4080997444395,0.0007925
0.0,-9.375,0.0,19.6,10.8,-8.8,992.063492063492,555.3048833879145,0.0007925
3.125,-9.375,0.0,19.6,10.8,-8.8,992.063492063492,555.3747630774392,0.0007924999999999998
6.25,-9.375,0.0,19.6,10.8,-8.8,992.063492063492,555.5225206631932,0.0007925
9.375,-9.375,0.0,19.6,10.8,-8.8,992.063492063492,556.1711286640216,0.0007925
12.5,-9.375,0.0,19.6,10.8,-8.8,992.063492063492,555.3024845153068,0.0007899999999999999
15.625,-9.375,0.0,19.6,10.8,-8.8,992.063492063492,554.937643693648,0.0007899999999999999
-15.625,-6.25,0.0,19.6,10.8,-8.8,992.063492063492,555.2617307935415,0.0007925
-12.5,-6.25,0.0,19.6,10.8,-8.8,992.063492063492,555.4826758017622,0.0007925
-9.375,-6.25,0.0,19.6,10.8,-8.8,992.063492063492,555.7249631139447,0.0007925
-6.25,-6.25,0.0,19.6,10.8,-8.8,992.063492063492,556.1390073472223,0.0007925
-3.125,-6.25,0.0,19.6,10.8,-8.8,992.063492063492,555.7603143624123,0.0007899999999999999
0.0,-6.25,0.0,19.6,10.8,-8.8,992.063492063492,555.2966600290393,0.0007925
3.125,-6.25,0.0,19.6,10.8,-8.8,992.063492063492,555.094788120962,0.0007925
6.25,-6.25,0.0,19.6,10.8,-8.8,992.063492063492,555.4275323807723,0.0007925
9.375,-6.25,0.0,19.6,10.8,-8.8,992.063492063492,555.7128084331299,0.0007925
12.5,-6.25,0.0,19.6,10.8,-8.8,166458.59342488577,554.7413758348961,0.0007925
15.625,-6.25,0.0,19.6,10.8,-8.8,992.063492063492,555.4062195469901,0.0007925
-15.625,-3.125,0.0,19.6,10.8,-8.8,992.063492063492,555.7407685605901,0.0007925
-12.5,-3.125,0.0,19.6,10.8,-8.8,992.063492063492,555.2124047859761,0.0007899999999999999
-9.375,-3.125,0.0,19.6,10.8,-8.8,992.063492063492,555.7432676318081,0.0007925
-6.25,-3.125,0.0,19.6,10.8,-8.8,992.063492063492,555.8538774669547,0.0007925
-3.125,-3.125,0.0,19.6,10.8,-8.8,992.063492063492,555.9844244679065,0.0007925
0.0,-3.125,0.0,19.6,10.8,-8.8,992.063492063492,555.4359066269664,0.0007899999999999999
3.125,-3.125,0.0,19.6,10.8,-8.8,992.063492063492,556.206227647753,0.0007925
6.25,-3.125,0.0,19.6,10.8,-8.8,992.063492063492,555.5178384410813,0.0007925
9.375,-3.125,0.0,19.6,10.8,-8.8,992.063492063492,555.6093751760843,0.0007925
12.5,-3.125,0.0,19.6,10.8,-8.8,992.063492063492,555.579838983427,0.0007899999999999999
15.625,-3.125,0.0,19.6,10.8,-8.8,992.063492063492,556.4650335849238,0.0007925
-15.625,0.0,0.0,19.6,10.8,-8.8,992.063492063492,554.7572013212637,0.0007899999999999999
-12.5,0.0,0.0,19.6,10.8,-8.8,992.063492063492,555.6343364180832,0.0007899999999999999
-9.375,0.0,0.0,19.6,10.8,-8.8,992.063492063492,555.0370866883954,0.0007899999999999999
-6.25,0.0,0.0,19.6,10.8,-8.8,992.063492063492,554.7614061264684,0.0007899999999999999
-3.125,0.0,0.0,19.6,10.8,-8.8,992.063492063492,555.7718890700951,0.0007925
0.0,0.0,0.0,19.6,10.8,-8.8,992.063492063492,555.2164410217542,0.0007899999999999999
3.125,0.0,0.0,19.6,10.8,-8.8,992.063492063492,554.8417630541932,0.0007899999999999999
6.25,0.0,0.0,19.6,10.8,-8.8,992.063492063492,555.2168123460154,0.0007925
9.375,0.0,0.0,19.6,10.8,-8.8,992.063492063492,556.1821811601245,0.0007925
12.5,0.0,0.0,19.6,10.8,-8.8,992.063492063492,555.4388241747324,0.0007899999999999999
15.625,0.0,0.0,19.6,10.8,-8.8,992.063492063492,554.7705925708082,0.0007899999999999999
-15.625,3.125,0.0,19.6,10.8,-8.8,992.063492063492,555.724397286499,0.0007925
-12.5,3.125,0.0,19.6,10.8,-8.8,992.063492063492,555.3064311617395,0.0007925
-9.375,3.125,0.0,19.6,10.8,-8.8,992.063492063492,554.6722977342525,0.0007899999999999999
-6.25,3.125,0.0,19.6,10.8,-8.8,992.063492063492,555.4985472616098,0.0007925
-3.125,3.125,0.0,19.6,10.8,-8.8,992.063492063492,556.1221421529236,0.0007925
0.0,3.125,0.0,19.6,10.8,-8.8,992.063492063492,555.697859979303,0.0007925
3.125,3.125,0.0,19.6,10.8,-8.8,992.063492063492,556.1137431517786,0.0007925
6.25,3.125,0.0,19.6,10.8,-8.8,992.063492063492,555.3997926902545,0.0007899999999999999
9.375,3.125,0.0,19.6,10.8,-8.8,165952.1504632833,554.4545956245789,0.0007899999999999999
12.5,3.125,0.0,19.6,10.8,-8.8,992.063492063492,555.3150494210196,0.0007899999999999999
15.625,3.125,0.0,19.6,10.8,-8.8,992.063492063492,555.9030160441788,0.0007925
-15.625,6.25,0.0,19.6,10.8,-8.8,992.063492063492,555.67423314703,0.0007899999999999999
-12.5,6.25,0.0,19.6,10.8,-8.8,992.063492063492,556.0032087602915,0.0007925
-9.375,6.25,0.0,19.6,10.8,-8.8,992.063492063492,555.9905306890896,0.0007925
-6.25,6.25,0.0,19.6,10.8,-8.8,992.063492063492,555.7944007507776,0.0007925
-3.125,6.25,0.0,19.6,10.8,-8.8,992.063492063492,555.3161398176593,0.0007925
0.0,6.25,0.0,19.6,10.8,-8.8,992.063492063492,555.4102781801047,0.0007925
3.125,6.25,0.0,19.6,10.8,-8.8,992.063492063492,555.7407119778456,0.0007925
6.25,6.25,0.0,19.6,10.8,-8.8,992.063492063492,556.217809428279,0.0007925
9.375,6.25,0.0,19.6,10.8,-8.8,992.063492063492,555.3326183632036,0.0007899999999999999
12.5,6.25,0.0,19.6,10.8,-8.8,992.063492063492,556.4871892658384,0.0007925
15.625,6.25,0.0,19.6,10.8,-8.8,992.063492063492,555.6912079703964,0.0007899999999999999
-15.625,9.375,0.0,19.6,10.8,-8.8,992.063492063492,556.2595285931234,0.0007925
-12.5,9.375,0.0,19.6,10.8,-8.8,992.063492063492,555.5344596222942,0.0007899999999999999
-9.375,9.375,0.0,19.6,10.8,-8.8,992.063492063492,555.8875359483144,0.0007899999999999999
-6.25,9.375,0.0,19.6,10.8,-8.8,992.063492063492,555.5880010443288,0.0007925
-3.125,9.375,0.0,19.6,10.8,-8.8,992.063492063492,555.8529438516696,0.0007899999999999999
0.0,9.375,0.0,19.6,10.8,-8.8,992.063492063492,555.4090522206394,0.0007899999999999999
3.125,9.375,0.0,19.6,10.8,-8.8,992.063492063492,556.0207883117403,0.0007925
6.25,9.375,0.0,19.6,10.8,-8.8,992.063492063492,556.1807654127034,0.0007925
9.375,9.375,0.0,19.6,10.8,-8.8,992.063492063492,555.2461139560444,0.0007925
12.5,9.375,0.0,19.6,10.8,-8.8,992.063492063492,555.4821205835811,0.0007925
15.625,9.375,0.0,19.6,10.8,-8.8,992.063492063492,555.6927392409209,0.0007899999999999999
-15.625,12.5,0.0,19.6,10.8,-8.8,992.063492063492,556.3655363650464,0.0007925
-12.5,12.5,0.0,19.6,10.8,-8.8,992.063492063492,555.8690899735896,0.0007925
-9.375,12.5,0.0,19.6,10.8,-8.8,992.063492063492,556.2387026067058,0.0007899999999999999
-6.25,12.5,0.0,19.6,10.8,-8.8,992.063492063492,556.5205271116456,0.0007925
-3.125,12.5,0.0,19.6,10.8,-8.8,992.063492063492,555.5526981269555,0.0007925
0.0,12.5,0.0,19.6,10.8,-8.8,992.063492063492,555.8942268578579,0.0007925
3.125,12.5,0.0,19.6,10.8,-8.8,992.063492063492,555.9453529039845,0.0007925
6.25,12.5,0.0,19.6,10.8,-8.8,992.063492063492,555.8627043751052,0.0007925
9.375,12.5,0.0,19.6,10.8,-8.8,992.063492063492,555.8225553814221,0.0007925
12.5,12.5,0.0,19.6,10.8,-8.8,992.063492063492,556.1029358475688,0.0007925
15.625,12.5,0.0,19.6,10.8,-8.8,992.063492063492,555.2584949678374,0.0007899999999999999
-15.625,15.625,0.0,19.6,10.8,-8.8,992.063492063492,555.5629950076574,0.0007899999999999999
-12.5,15.625,0.0,19.6,10.8,-8.8,992.063492063492,555.1490922312411,0.0007899999999999999
-9.375,15.625,0.0,19.6,10.8,-8.8,992.063492063492,555.9199944039666,0.0007925
-6.25,15.625,0.0,19.6,10.8,-8.8,992.063492063492,556.0454159513076,0.0007899999999999999
-3.125,15.625,0.0,19.6,10.8,-8.8,992.063492063492,555.722756386907,0.0007899999999999999
0.0,15.625,0.0,19.6,10.8,-8.8,992.063492063492,555.0748379882779,0.0007899999999999999
3.125,15.625,0.0,19.6,10.8,-8.8,992.063492063492,556.5010956541199,0.0007899999999999999
6.25,15.625,0.0,19.6,10.8,-8.8,992.063492063492,556.4437207511417,0.0007925
9.375,15.625,0.0,19.6,10.8,-8.8,992.063492063492,555.8715937600361,0.0007925
12.5,15.625,0.0,19.6,10.8,-8.8,992.063492063492,556.546385425907,0.0007925
15.625,15.625,0.0,19.6,10.8,-8.8,992.063492063492,555.8162499418258,0.0007899999999999999
